id,gfp
1,37+55 cc24.png
2,37+55 cc25.png
3,37+55 cc26.png
4,37+55 cc27.png
5,37+55 cc28.png
6,37+55 cc29.png
7,37+55 cc30.png
8,37+55 cc31.png
9,37+55 cc32.png
10,37+55 cc33.png
11,37+55 cc34.png
12,37+55 cc35.png
13,37+55 cc36.png
14,37+55 cc37.png
15,37+55 cc38.png
16,37+55 cc39 (2).png
17,37+55 cc39.png
18,37+55 cc40 (2).png
19,37+55 cc40.png
20,37+55 cc41.png
21,37+55 cc42.png
22,37+55 cc43.png
23,37+55 cc44.png
24,37+55 cc45.png
25,37+55 cc46.png
26,37+55 cc47.png
27,37+55 cc48.png
28,37+55 cc49.png
29,37+55 cc50.png
30,37+55 cc51.png
31,37+55 cc52.png
32,37+55 cc53.png
33,37+55 cc54.png
34,37+55 cc55.png
35,37+55 cc56.png
36,37+55 cc57.png
37,37+55 cc58.png
38,37+55 cc59.png
39,37+55 cc60.png
40,37+55 cc61.png
41,37+55 cc62.png
42,37+55 cc63.png
43,37+55 cc64.png
44,37+55 cc65.png
45,37+55 cc66.png
46,37+55 cc67.png
47,37+55 cc68.png
48,37+55 cc69.png
49,37+55 cc70.png
50,37+55 cc71.png
51,37+55 cc72.png
52,37+55 cc73.png
53,37+55 cc74.png
54,37+55 cc75.png
55,37+55 cc76.png
56,37+55 cc77.png
57,arabidopsis_control1.png
58,arabidopsis_control2.png
59,arabidopsis_control5.png
60,arabidopsis_control6.png
61,arabidopsis_control9.png
62,arabidopsis_control11.png
63,arabidopsis_control12.png
64,arabidopsis_control15.png
65,arabidopsis_control17.png
66,arabidopsis_control18.png
67,arabidopsis_control21.png
68,arabidopsis_control22.png
69,dr5seedlings-00.jpg
70,dr5seedlings-01.jpg
71,dr5seedlings-02.jpg
72,dr5seedlings-03.jpg
73,dr5seedlings-04.jpg
74,dr5seedlings-05.jpg
75,dr5seedlings-06.jpg
76,dr5seedlings-07.jpg
77,dr5seedlings-08.jpg
78,dr5seedlings-09.jpg
79,dr5seedlings-10.jpg
80,dr5seedlings-11.jpg
81,dr5seedlings-12.jpg
82,dr5seedlings-13.jpg
83,dr5seedlings-14.jpg
84,dr5seedlings-15.jpg
85,dr5seedlings-16.jpg
86,dr5seedlings-17.jpg
87,dr5seedlings-18.jpg
88,dr5spray-seedlings-00 (2).jpg
89,dr5spray-seedlings-00 (3).jpg
90,dr5spray-seedlings-00.jpg
91,dr5spray-seedlings-00a.jpg
92,dr5spray-seedlings-00b.jpg
93,dr5spray-seedlings-01 (2).jpg
94,dr5spray-seedlings-01 (3).jpg
95,dr5spray-seedlings-01.jpg
96,dr5spray-seedlings-01a.jpg
97,dr5spray-seedlings-02.jpg
98,dr5spray-seedlings2-00 (2).jpg
99,dr5spray-seedlings2-00 (3).jpg
100,dr5spray-seedlings2-00 (4).jpg
101,dr5spray-seedlings2-00 (5).jpg
102,dr5spray-seedlings2-00 (6).jpg
103,dr5spray-seedlings2-00 (7).jpg
104,dr5spray-seedlings2-00 (8).jpg
105,dr5spray-seedlings2-00 (9).jpg
106,dr5spray-seedlings2-00 (10).jpg
107,dr5spray-seedlings2-00 (11).jpg
108,dr5spray-seedlings2-00 (12).jpg
109,dr5spray-seedlings2-00 (13).jpg
110,dr5spray-seedlings2-00 (14).jpg
111,dr5spray-seedlings2-00.jpg
112,dr5spray-seedlings2-00-2x (2).jpg
113,dr5spray-seedlings2-00-2x (3).jpg
114,dr5spray-seedlings2-00-2x (4).jpg
115,dr5spray-seedlings2-00-2x (5).jpg
116,dr5spray-seedlings2-00-2x (6).jpg
117,dr5spray-seedlings2-00-2x (7).jpg
118,dr5spray-seedlings2-00-2x.jpg
119,dr5spray-seedlings2-01 (2).jpg
120,dr5spray-seedlings2-01 (3).jpg
121,dr5spray-seedlings2-01 (4).jpg
122,dr5spray-seedlings2-01 (5).jpg
123,dr5spray-seedlings2-01 (6).jpg
124,dr5spray-seedlings2-01 (7).jpg
125,dr5spray-seedlings2-01 (8).jpg
126,dr5spray-seedlings2-01 (9).jpg
127,dr5spray-seedlings2-01 (10).jpg
128,dr5spray-seedlings2-01 (11).jpg
129,dr5spray-seedlings2-01 (12).jpg
130,dr5spray-seedlings2-01 (13).jpg
131,dr5spray-seedlings2-01.jpg
132,dr5spray-seedlings2-01-2x.jpg
133,dr5spray-seedlings2-02.jpg
134,dr5spray-seedlings-03.jpg
135,dr5sprayseedlings3-00 (2).jpg
136,dr5sprayseedlings3-00 (3).jpg
137,dr5sprayseedlings3-00 (4).jpg
138,dr5sprayseedlings3-00 (5).jpg
139,dr5sprayseedlings3-00 (6).jpg
140,dr5sprayseedlings3-00 (7).jpg
141,dr5sprayseedlings3-00.jpg
142,dr5sprayseedlings3-01 (2).jpg
143,dr5sprayseedlings3-01 (3).jpg
144,dr5sprayseedlings3-01 (4).jpg
145,dr5sprayseedlings3-01 (5).jpg
146,dr5sprayseedlings3-01 (6).jpg
147,dr5sprayseedlings3-01 (7).jpg
148,dr5sprayseedlings3-01.jpg
149,dr5sprayseedlings3-02 (2).jpg
150,dr5sprayseedlings3-02 (3).jpg
151,dr5sprayseedlings3-02 (4).jpg
152,dr5sprayseedlings3-02 (5).jpg
153,dr5sprayseedlings3-02.jpg
154,root1.png
155,root2.png
156,root3.png
157,root4.png
158,root5.png
159,root6.png
160,root7.png
161,root8.png
162,root9.png
163,root10.png
164,root11.png
165,root12.png
166,37+55 cc3.png
167,37+55 cc4.png
168,37+55 cc5.png
169,37+55 cc6.png
170,37+55 cc7.png
171,37+55 cc8.png
172,37+55 cc9.png
173,37+55 cc10.png
174,37+55 cc11.png
175,37+55 cc12.png
176,37+55 cc13.png
177,37+55 cc14.png
178,37+55 cc15.png
179,37+55 cc16.png
180,37+55 cc17.png
181,37+55 cc18.png
182,37+55 cc19.png
183,37+55 cc20.png
184,37+55 cc21.png
185,37+55 cc22.png
186,37+55 cc23.png
